Company Name,Ticker,EBITDA ,5 Yr Hist. Div. Growth %,Beta,Quick Ratio,PEG Ratio,% Change LT Growth Est. (4 weeks),S&P 500
AGILENT TECH,A,1120,,1.55,2.66,2.18,10.94,YES
ALCOA INC,AA,1790,0,1.77,0.7,2.96,0,YES
APPLE INC,AAPL,61429,,0.91,1.05,1.17,0,YES
ABBVIE INC,ABBV,6507,,1.74,2.43,2.27,-0.65,YES
AMERISOURCEBRGN,ABC,943.01,31.49099,0.64,0.48,1.69,0,YES
ABBOTT LABS,ABT,4397,-20.86001,0.37,1.74,1.87,0,YES
ACE LIMITED,ACE,4781,20.93899,0.86,0.34,1.21,0,YES
ACCENTURE PLC,ACN,4936.06103,33.611,1.19,1.46,1.74,0,YES
ACTAVIS PLC,ACT,934.79998,,0.31,0.8,1.05,7.1,YES
ADOBE SYSTEMS,ADBE,744.85998,,1.29,,5.46,0,YES
ANALOG DEVICES,ADI,952.83001,15.62899,1.15,4.86,1.72,0,YES
ARCHER DANIELS,ADM,3346,10.817,0.81,1.09,0.91,,YES
AUTOMATIC DATA,ADP,2711.30004,8.82689,0.85,1.08,3.01,0,YES
ALLIANCE DATA,ADS,1406.18994,,1.22,2.3,1.41,0,YES
AUTODESK INC,ADSK,408.79998,,1.95,2.65,11.4,-19.67,YES
ADT CORP,ADT,1644,,1.38,0.47,2.01,-4.71,YES
AMEREN CORP,AEE,1988,1.10969,0.38,0.59,2.19,0,YES
AMER ELEC PWR,AEP,4890,4.15869,0.37,0.47,3.4,0,YES
AES CORP,AES,2342,,1.11,0.92,2.84,-26.68,YES
AETNA INC-NEW,AET,3862.3999,119.164,1.02,0.4,1.29,-0.42,YES
AFLAC INC,AFL,5109,7.0882,1.51,0.05,1.5,-9.6,YES
ALLERGAN INC,AGN,2048.60009,0,0.75,4.05,1.86,2.08,YES
AMER INTL GRP,AIG,16223,,1.81,0.32,1.09,0,YES
APARTMENT INVT,AIV,566.48999,29.58699,0.88,0.56,2.77,1,YES
ASSURANT INC,AIZ,975.96002,14.50899,0.85,0.44,1.45,0,YES
AKAMAI TECH,AKAM,603.97998,,1.01,3.91,1.99,0,YES
ALLSTATE CORP,ALL,4131,8.02849,1,0.24,1.66,0,YES
ALLEGION PLC,ALLE,412.39999,,,1.56,,,YES
ALTERA CORP,ALTR,544.35998,31.655,1.25,5.21,1.81,0,YES
ALEXION PHARMA,ALXN,595.80999,,0.71,3.58,1.41,6.74,YES
APPLD MATLS INC,AMAT,1918,12.64,1.68,1.91,1.84,11.8,YES
AMETEK INC,AME,917.01,27.62,1.23,1.05,1.31,0,YES
AFFIL MANAGERS,AMG,1124.90002,,1.83,0.67,1.19,0,YES
AMGEN INC,AMGN,7573,30.96599,0.51,3.06,2.54,6.23,YES
AMERIPRISE FINL,AMP,3296,36.985,1.65,0.85,0.96,0,YES
AMER TOWER CORP,AMT,1807.77001,,0.19,1.39,2.47,-4.05,YES
AMAZON.COM INC,AMZN,3900,,1.07,0.75,,0,YES
AUTONATION INC,AN,847.09997,,0.99,0.27,1.07,0,YES
AON PLC,AON,2383,14.91399,0.99,1.48,1.32,0,YES
APACHE CORP,APA,10916,10.83399,1.43,1.16,8.74,270,YES
ANADARKO PETROL,APC,6719,22.17099,1.91,1.25,1.64,17.92,YES
AIR PRODS & CHE,APD,2436.5,11.97,1.22,0.87,1.9,0,YES
AMPHENOL CORP-A,APH,1046.67004,109.066,1.44,1.47,2.05,0,YES
AIRGAS INC,ARG,930.89001,24.533,0.69,0.69,1.91,0,YES
ALLEGHENY TECH,ATI,100.3,0,2.07,1.34,,0,YES
AVALONBAY CMMTY,AVB,610.23999,6.6128,0.77,0.98,2.05,-0.92,YES
AVAGO TECHNOLOG,AVGO,758,71.04699,0.98,,0.82,0,YES
AVON PRODS INC,AVP,667.09997,-31.29001,1.34,1.1,2.38,0,YES
AVERY DENNISON,AVY,626.70001,11.81299,1.34,1.03,1.69,0,YES
AMER EXPRESS CO,AXP,10424,7.2743,1.1,2.16,1.52,0,YES
AUTOZONE INC,AZO,2088.33007,,0.35,0.1,1.22,0,YES
BOEING CO,BA,8537,10.873,1.04,0.43,1.5,-0.96,YES
BANK OF AMER CP,BAC,31791,9.633,1.57,0.95,4.59,0,YES
BAXTER INTL,BAX,3500,16.305,0.72,1.1,1.66,0,YES
BED BATH&BEYOND,BBBY,1832.23999,,0.89,0.67,2.03,0,YES
BB&T CORP,BBT,4135,13.53699,1.04,0.84,1.59,1.34,YES
BEST BUY,BBY,1903,5.0658,1.89,0.69,1.03,1.75,YES
BARD C R INC,BCR,1404.80004,5.39029,0.71,2.96,1.64,0,YES
BECTON DICKINSO,BDX,2219,9.7107,0.89,2.07,2.33,-1.62,YES
FRANKLIN RESOUR,BEN,3679.3999,11.64999,1.64,7.09,1.01,0,YES
BROWN FORMAN  B,BF.B,1023,9.16609,0.67,2.31,3.23,0,YES
BAKER-HUGHES,BHI,3647,0.7178,1.58,1.62,1.42,0,YES
BIOGEN IDEC INC,BIIB,3012.31005,,1.13,1.44,1.14,-3.82,YES
BANK OF NY MELL,BK,5339,15.32699,1.31,0.73,1.81,0,YES
BLACKROCK INC,BLK,4527,17.849,1.47,2.4,1.49,0,YES
BALL CORP,BLL,1095.30004,28.90399,0.87,0.75,1.52,0,YES
BEMIS,BMS,578.79998,4.03249,0.63,1.42,2.75,0,YES
BRISTOL-MYERS,BMY,3654,2.9616,0.36,1.4,2.54,9.69,YES
BROADCOM CORP-A,BRCM,1387,10.52499,1.03,2.27,1.8,0,YES
BERKSHIRE HTH-B,BRK.B,38105,,0.4,0.62,2.44,4.38,YES
BOSTON SCIENTIF,BSX,1266,,1.06,1.16,2.08,0,YES
BORG WARNER INC,BWA,1202.90002,,1.63,1.44,1.16,0,YES
BOSTON PPTYS,BXP,1715.91003,7.86929,0.79,0.59,3.84,-1.08,YES
CITIGROUP INC,C,32881,0,1.78,1.01,1.44,0,YES
CA INC,CA,1519,70.843,1.34,1.16,4.96,0,YES
CONAGRA FOODS,CAG,1558.30004,5.2297,0.48,0.73,1.94,0,YES
CARDINAL HEALTH,CAH,2390,15.739,0.53,0.64,1.93,0,YES
CAMERON INTL,CAM,1367.19995,,1.35,1.18,0.67,0,YES
CATERPILLAR INC,CAT,9407,10.17399,1.66,0.94,1.48,0,YES
CHUBB CORP,CB,3475,7.13019,0.62,0.22,2.18,0,YES
CBRE GROUP INC,CBG,971.79998,,2.06,1.1,1.46,0,YES
CBS CORP,CBS,3740,27.398,1.83,1.09,1.48,-1.76,YES
COCA-COLA ENTRP,CCE,1216,27.055,0.94,0.96,1.77,0,YES
CROWN CASTLE,CCI,1755.60998,,0.41,1.18,5.63,-11.43,YES
CARNIVAL CORP,CCL,2979,21.277,1.27,,1.08,0,YES
CELGENE CORP,CELG,2131.10009,,1.09,3.71,1.44,-1.45,YES
CERNER CORP,CERN,851.58001,,0.62,2.7,2.53,0,YES
CF INDUS HLDGS,CF,2772.5,78.416,1.54,2.84,1.73,-13.33,YES
CAREFUSION CORP,CFN,821,,0.91,2.74,1.83,-2.42,YES
CHESAPEAKE ENGY,CHK,4572,3.97119,1.21,0.66,1.06,97.47,YES
CH ROBINSON WWD,CHRW,730.23999,8.6393,0.53,1.31,2.1,0,YES
CIGNA CORP,CI,2773,0,0.6,0.43,1.19,9.33,YES
CINCINNATI FINL,CINF,818,2.14879,0.81,0.29,,,YES
COLGATE PALMOLI,CL,3995,9.69209,0.46,0.76,2.75,0,YES
CLOROX CO,CLX,1144,8.70049,0.46,0.62,3.18,0,YES
COMERICA INC,CMA,932,36.64699,1.17,1.01,1.4,0,YES
COMCAST CORP  A,CMCSA,29809,29.57399,1.22,0.74,1.62,0,YES
CME GROUP INC,CME,1990.5,21.204,1.05,1.05,2.14,0,YES
CHIPOTLE MEXICN,CMG,630.52001,,0.52,3.28,2.04,0,YES
CUMMINS INC,CMI,2567,35.921,1.77,1.86,1.06,0,YES
CMS ENERGY,CMS,1785,15.062,0.31,0.85,3.05,0,YES
CENTERPOINT EGY,CNP,2249,3.99679,0.44,0.79,4.22,6.74,YES
CONSOL ENERGY,CNX,726.38,-4.10261,1.72,1.15,3.53,0,YES
CAPITAL ONE FIN,COF,9033,57.248,1.2,0.98,1.52,0,YES
CABOT OIL & GAS,COG,1205.20996,24.752,0.69,0.89,0.95,0,YES
COACH INC,COH,1311.60998,34.14599,1.13,1.63,2.17,0,YES
ROCKWELL COLLIN,COL,1166,6.9414,0.93,0.68,1.55,15.13,YES
CONOCOPHILLIPS,COP,22926,6.683,1.08,1.18,1.56,2.2,YES
COSTCO WHOLE CP,COST,4339,15.003,0.52,0.63,2.3,0,YES
COVIDIEN PLC,COV,2607,14.097,0.97,1.23,2.35,-1,YES
CAMPBELL SOUP,CPB,1500,4.71549,0.39,0.36,4.21,1.88,YES
SALESFORCE.COM,CRM,333.04998,,0.99,0.67,,15.68,YES
COMP SCIENCE,CSC,2075,5.8088,1.33,1.63,2.11,0,YES
CISCO SYSTEMS,CSCO,12711,55.691,1.31,3.31,1.83,0.16,YES
CSX CORP,CSX,4588,18.93099,1.34,0.97,1.73,0,YES
CINTAS CORP,CTAS,864.53002,12.51,0.86,2.47,1.99,0.53,YES
CENTURYLINK INC,CTL,6063,-7.56111,0.62,0.89,-10.39,-150,YES
COGNIZANT TECH,CTSH,1867.83996,,1.22,3.46,1.3,1.27,YES
CITRIX SYS INC,CTXS,655.39001,,1.79,1.06,2.1,0,YES
CABLEVISION SYS,CVC,1729.14001,7.2744,1.05,1.2,8.89,0,YES
CVS HEALTH CORP,CVS,9907,33.14599,1.09,0.93,1.48,1.99,YES
CHEVRON CORP,CVX,50091,10.842,1.13,1.33,1.73,0.08,YES
DOMINION RES VA,D,4971,6.9408,0.29,0.68,3.58,4.75,YES
DELTA AIR LINES,DAL,5037,,0.86,0.61,1.08,0,YES
DU PONT (EI) DE,DD,5540,2.86989,1.4,1.22,2.06,0,YES
DEERE & CO,DE,6767.8999,17.18899,1.26,1.97,1.7,0,YES
DISCOVER FIN SV,DFS,4533,88.14199,0.96,1.47,1.11,0,YES
DOLLAR GENERAL,DG,2050.13989,,0.34,0.36,1.29,0,YES
QUEST DIAGNOSTC,DGX,1790,38.23099,0.78,1.14,1.53,0,YES
D R HORTON INC,DHI,880,2.96199,1.59,0.82,1.11,-2.9,YES
DANAHER CORP,DHR,4606.8999,31.48299,1.19,1.62,1.79,0,YES
DISNEY WALT,DIS,14511,26.30599,1.21,1.02,2.29,-24.58,YES
DISCOVERY COM-A,DISCA,3526,,1.12,1.86,0.94,8.32,YES
DISCOVERY COM-C,DISCK,3526,,1.06,1.86,,,YES
DELPHI AUTO PLC,DLPH,2217,,1.01,1.2,1.04,0,YES
DOLLAR TREE INC,DLTR,1160.19995,,0.26,0.5,1.37,-0.85,YES
DUN &BRADST-NEW,DNB,541.29998,5.4183,1.05,0.96,2.51,0,YES
DENBURY RES INC,DNR,1307.04003,,2.01,0.61,,,YES
DIAMOND OFFSHOR,DO,1186.45996,0,1.33,3.65,0.61,0,YES
DOVER CORP,DOV,1779.76,10.119,1.45,1.43,1.51,0,YES
DOW CHEMICAL,DOW,10586,25.30299,1.65,1.39,1.76,0,YES
DR PEPPER SNAPL,DPS,834,19.461,0.07,0.89,2.55,0,YES
DARDEN RESTRNT,DRI,627.09997,20.33799,0.76,1.1,1.69,0,YES
DTE ENERGY CO,DTE,2452,5.4889,0.36,0.68,2.91,0,YES
DIRECTV,DTV,8103,,0.91,0.87,1.84,0,YES
DUKE ENERGY CP,DUK,8695,1.0166,0.19,0.84,3.82,0,YES
DAVITA HEALTHCR,DVA,1653.07995,,0.63,1.37,2.02,0,YES
DEVON ENERGY,DVN,2929,10.262,1.3,1.2,0.79,-2.78,YES
ELECTR ARTS INC,EA,234,,1.12,1.29,1.47,4.85,YES
EBAY INC,EBAY,4866,,0.86,1.84,1.75,0,YES
ECOLAB INC,ECL,2376.80004,14.644,0.64,0.97,1.75,0,YES
CONSOL EDISON,ED,3291,1.31089,0.16,0.75,5.51,10.85,YES
EQUIFAX INC,EFX,790.90002,45.708,0.9,0.98,2.18,0,YES
EDISON INTL,EIX,3387,2.85339,0.47,0.63,1.82,0,YES
ESTEE LAUDER,EL,2212.19995,16.853,1.14,1.72,2.38,-3.57,YES
EMC CORP -MASS,EMC,5686,,1.27,1.35,1.9,-5.67,YES
EASTMAN CHEM CO,EMN,2292,11.779,1.73,1.07,1.39,-0.47,YES
EMERSON ELEC CO,EMR,4881,6.6803,1.28,1.04,1.8,-1.91,YES
EOG RES INC,EOG,7273.31005,9.34899,1.27,1.23,1.51,3.13,YES
EQUITY RESIDENT,EQR,1387.81994,10.22,0.72,0.49,2.46,2.79,YES
EQT CORP,EQT,1340.40002,-42.03301,0.97,2.36,1.44,0,YES
EXPRESS SCRIPTS,ESRX,6073.3999,,1.19,0.5,1.21,0,YES
ESSEX PPTY TR,ESS,443.80999,5.37169,0.84,1.82,3.09,2.2,YES
ENSCO PLC,ESV,2406.69995,73.34799,1.44,1.47,0.36,0,YES
E TRADE FINL CP,ETFC,957.69,,2.2,0.47,0.84,-0.14,YES
EATON CORP PLC,ETN,3152,15.35,1.7,1.29,1.29,0,YES
ENTERGY CORP,ETR,3598.1499,1.10339,0.38,0.69,-13.29,0,YES
EDWARDS LIFESCI,EW,593.79998,,0.61,4.1,2.5,0,YES
EXELON CORP,EXC,7908,-12.462,0.46,1.17,3.44,0,YES
EXPEDITORS INTL,EXPD,620.65997,12.798,1.16,2.78,1.85,-0.26,YES
EXPEDIA INC,EXPE,801.67999,12.182,0.88,0.67,1.62,1.36,YES
FORD MOTOR CO,F,17146,56.86999,1.45,6.34,1.47,0,YES
FASTENAL,FAST,777.76,28.37599,1.01,2.6,1.62,0,YES
FACEBOOK INC-A,FB,3821,,0.73,11.88,1.81,0.35,YES
FREEPT MC COP-B,FCX,8228,29.784,2.09,1.04,,,YES
FAMILY DOLLAR,FDO,700.22998,18.77899,0.38,0.44,2.4,0,YES
FEDEX CORP,FDX,6036,9.343,1.26,1.74,1.39,0,YES
FIRSTENERGY CP,FE,3536,-6.2938,0.29,0.41,-4.25,22.22,YES
F5 NETWORKS INC,FFIV,543.46002,,1.9,1.53,1.47,0,YES
FIDELITY NAT IN,FIS,1658.09997,57.17499,0.79,1.41,1.62,1.94,YES
FISERV INC,FISV,1465,,1.03,1.18,1.73,5,YES
FIFTH THIRD BK,FITB,3315,83.31999,1.17,0.93,1.27,-5.08,YES
FLIR SYSTEMS,FLIR,305.85998,19.252,0.79,3.49,1.52,0,YES
FLUOR CORP-NEW,FLR,1454.46997,12.211,1.65,1.25,1.22,2.12,YES
FLOWSERVE CORP,FLS,853.82,13.20499,1.91,1.15,1.3,0,YES
FMC CORP,FMC,785.5,25.68899,1.11,1.14,1.33,0,YES
FOSSIL GRP INC,FOSL,652.92999,,1.72,1.85,1.03,0,YES
TWENTY-FST CF-A,FOXA,7537,14.03299,1.19,1.39,1.36,-0.43,YES
FIRST SOLAR INC,FSLR,614.46002,,1.87,2.14,,,YES
FMC TECH INC,FTI,963.40002,,1.29,1.16,0.9,0,YES
FRONTIER COMMUN,FTR,1999.60998,-20.64901,0.66,1.24,2.84,0,YES
AGL RESOURCES,GAS,1052,2.55929,0.47,0.72,3.06,0,YES
GANNETT INC,GCI,924.73999,58.80799,1.46,1.86,1.19,0,YES
GENL DYNAMICS,GD,4249,10.347,1.14,1.22,2.39,4.01,YES
GENL ELECTRIC,GE,36029,18.71299,1.36,3.29,2.05,0,YES
GENL GRWTH PPTY,GGP,1802.15002,12.53899,1.53,1.07,2.23,0,YES
GILEAD SCIENCES,GILD,4859.7998,,0.71,0.82,0.43,3.31,YES
GENL MILLS,GIS,3542.80004,11.60299,0.18,0.52,2.62,-7.07,YES
CORNING INC,GLW,3595,21.69199,1.74,4.36,1.31,0,YES
GENERAL MOTORS,GM,15947,,1.72,1.08,0.89,-0.56,YES
KEURIG GREEN MT,GMCR,1199.34997,,0.42,1.91,2.03,0,YES
GAMESTOP CORP,GME,743.59997,,1.14,0.43,0.7,-6.99,YES
GENWORTH FINL,GNW,2014,,1.74,0.31,7.61,0,YES
GOOGLE INC-CL C,GOOG,18435,,,4.55,,0,YES
GOOGLE INC-CL A,GOOGL,18435,,1.15,4.55,1.45,-1.6,YES
GENUINE PARTS,GPC,1205.21997,8.72749,0.76,0.71,3.43,0,YES
GAP INC,GPS,2624,20.995,1.38,1.02,1.26,-6.4,YES
GARMIN LTD,GRMN,732.34997,14.312,1.03,2.44,2.35,0,YES
GOLDMAN SACHS,GS,13059,13.27099,1.58,0.82,1.34,0,YES
GOODYEAR TIRE,GT,1945,,2.03,1.16,,,YES
GRAINGER W W,GWW,1481.42004,19.739,0.97,1.45,1.48,0.3,YES
HALLIBURTON CO,HAL,4995,13.31499,1.58,2.07,0.63,0,YES
HARMAN INTL IND,HAR,447.73001,107.191,1.81,1.21,1.15,0,YES
HASBRO INC,HAS,686.07,17.29299,0.98,1.56,1.35,-2.45,YES
HUNTINGTON BANC,HBAN,1175.86999,54.617,1.03,0.92,1.25,0,YES
HUDSON CITY BCP,HCBK,985.85998,-28.389,1.06,0.99,,,YES
HEALTH CR REIT,HCN,1443.10998,3.713,0.55,1.74,3.13,2.18,YES
HCP INC,HCP,1333.05004,3.9793,0.58,2.3,5,-0.99,YES
HOME DEPOT,HD,10935,17.21199,1.05,0.39,1.48,1.02,YES
HESS CORP,HES,7669,22.95899,1.7,1.17,1.5,10.56,YES
HARTFORD FIN SV,HIG,2020,29.46299,1.94,0.49,1.14,0,YES
HARLEY-DAVIDSON,HOG,1422.17004,27.749,1.57,1.42,1.44,0,YES
HONEYWELL INTL,HON,6728,10.48799,1.31,1.19,1.72,0,YES
STARWOOD HOTELS,HOT,1109,66.608,1.96,0.92,3.32,0,YES
HELMERICH&PAYNE,HP,1624.5,80.396,1.35,2.31,0.8,0,YES
HEWLETT PACKARD,HPQ,11519,18.104,1.54,1,2.44,-3.23,YES
BLOCK H & R,HRB,940.36999,8.94309,1.02,1.35,1.58,0,YES
HORMEL FOODS CP,HRL,1064.89001,17.01,0.57,1.13,2.62,0,YES
HARRIS CORP,HRS,1093.30004,18.368,1.33,1.23,,,YES
HOSPIRA INC,HSP,220.5,,0.55,1.52,2.08,-13.03,YES
HOST HOTEL&RSRT,HST,1267,102.94599,1.8,4.42,1.83,0,YES
HERSHEY CO/THE,HSY,1540.68994,12.397,0.22,1.3,2.61,0,YES
HUMANA INC NEW,HUM,2487,3.8099,0.67,1.95,1.8,6.81,YES
INTL BUS MACH,IBM,24604,14.55099,0.62,1.22,1.64,-8.96,YES
INTERCONTNTLEXC,ICE,686,,0.88,1,1.56,5.53,YES
INTL F & F,IFF,615.19,12.60599,0.86,2,1.87,3.37,YES
INTEL CORP,INTC,20643,10.43599,0.96,2.06,1.98,0,YES
INTUIT INC,INTU,1542,11.15999,0.76,1.84,3.61,4.1,YES
INTL PAPER,IP,3535,52.03499,1.42,1.21,1.45,-3.51,YES
INTERPUBLIC GRP,IPG,799.79998,16.18799,2.04,0.99,1.87,0,YES
INGERSOLL RAND,IR,1442.09997,38.125,1.4,1.34,1.36,0,YES
IRON MOUNTAIN,IRM,746.46997,37.118,0.88,0.97,2.99,28.74,YES
INTUITIVE SURG,ISRG,975,,0.69,4.6,4.95,0.2,YES
ILL TOOL WORKS,ITW,3199,7.97259,1.29,1.42,2.45,0,YES
INVESCO LTD,IVZ,1511.5,24.149,2.12,2.53,1.27,0,YES
JOHNSON CONTROL,JCI,3234,12.50199,1.65,0.91,1.1,-0.03,YES
JACOBS ENGIN GR,JEC,699,,1.61,1.66,1.12,-0.37,YES
JOHNSON & JOHNS,JNJ,20057,7.342,0.53,1.89,2.86,4.83,YES
JUNIPER NETWRKS,JNPR,715.40002,,1.9,2.57,2.08,0,YES
JOY GLOBAL INC,JOY,943.94,0.76595,1.99,,0.94,0,YES
JPMORGAN CHASE,JPM,38830,67.813,1.58,0.95,2.05,0,YES
NORDSTROM INC,JWN,1746,16.72999,1.33,1.45,2.03,1.02,YES
KELLOGG CO,K,3373,4.98839,0.5,0.53,3,-4.99,YES
KEYCORP NEW,KEY,1471,60.53499,1.3,0.87,1.71,0,YES
KIMCO REALTY CO,KIM,506.42001,8.37829,1.36,0.1,3.93,0,YES
KLA-TENCOR CORP,KLAC,871.34002,27.47999,1.6,4.39,2.21,-9.29,YES
KIMBERLY CLARK,KMB,4091,6.77769,0.21,0.74,2.78,-0.46,YES
KINDER MORGAN,KMI,6958,60.06,0.69,0.57,3.49,0,YES
CARMAX GP (CC),KMX,930.05999,,1.83,1.14,1.55,0,YES
COCA COLA CO,KO,13917,8.53979,0.47,1.01,3.48,0,YES
MICHAEL KORS,KORS,1094.76,,1.99,4.38,0.79,-0.49,YES
KROGER CO,KR,4428,15.038,0.79,0.3,1.55,0.43,YES
KRAFT FOODS GRP,KRFT,4984,,1.3,0.97,2.41,0,YES
KOHLS CORP,KSS,2631,15.88799,0.77,0.52,1.3,0,YES
KANSAS CITY SOU,KSU,855.5,,1.27,1.12,1.52,0,YES
LOEWS CORP,L,3354,0,1.01,0.42,,,YES
L BRANDS INC,LB,2128,22.06699,1.23,1.09,2,0.95,YES
LEGGETT & PLATT,LEG,478.1,3.63569,1.2,0.95,,,YES
LENNAR CORP -A,LEN,829.69,0,1.58,,0.75,0,YES
LABORATORY CP,LH,1244.5,,0.67,1.76,1.48,1.14,YES
L-3 COMM HLDGS,LLL,1535,11.071,1.05,1.67,3.03,-6.63,YES
LINEAR TEC CORP,LLTC,712.13,4.2276,1.23,5.92,2.04,0,YES
LILLY ELI & CO,LLY,7334.8999,0,0.41,1.14,5.24,0,YES
LEGG MASON INC,LM,538.42999,40.82199,1.42,1.96,0.91,1.42,YES
LOCKHEED MARTIN,LMT,5495,20.31699,0.6,0.93,2,0.89,YES
LINCOLN NATL-IN,LNC,1822,93.106,2.01,0.14,0.85,0.9,YES
LORILLARD CO,LO,2106,14.71599,0.42,1.35,2.03,0,YES
LOWES COS,LOW,5711,19.377,1.19,0.13,1.54,-0.11,YES
LAM RESEARCH,LRCX,1048.67004,,1.34,2.56,1.64,0,YES
LEUCADIA NATL,LUK,576.91998,-40.175,1.79,1.27,,,YES
SOUTHWEST AIR,LUV,2183,88.565,1.04,0.7,0.7,3.59,YES
LEVEL 3 COMM,LVLT,1365,,1.51,1.01,4.72,0,YES
LYONDELLBASEL-A,LYB,6347,108.68499,2.06,1.69,0.85,0,YES
MACYS INC,M,3692,58.60599,1.02,0.55,1.12,0,YES
MASTERCARD INC,MA,4772,56.706,0.92,1.82,1.67,0,YES
MACERICH CO,MAC,748.22998,3.6603,1.19,0.04,4.35,0.07,YES
MARRIOTT INTL-A,MAR,1144,46.783,1.33,0.71,2.27,0,YES
MASCO,MAS,855,1.9936,1.91,1.52,1.48,0,YES
MATTEL INC,MAT,1374.01,24.402,0.77,2.68,2.56,0,YES
MCDONALDS CORP,MCD,10311.5,10.178,0.31,1.55,2.56,-1.53,YES
MICROCHIP TECH,MCHP,691.40002,0.99396,1.08,5.08,2.3,0,YES
MCKESSON CORP,MCK,3103,11.81099,0.72,0.65,1.25,0,YES
MOODYS CORP,MCO,1354.5,27.322,1.55,2.6,1.75,0,YES
MONDELEZ INTL,MDLZ,5048,-19.022,0.75,0.66,1.82,-7.79,YES
MEDTRONIC,MDT,4671,8.01799,1.07,3.51,2.7,1.05,YES
METLIFE INC,MET,4599,13.45699,1.87,0.15,1.22,1.18,YES
MCGRAW HILL FIN,MHFI,1542,6.02629,1.09,1.24,1.8,1.82,YES
MOHAWK INDS INC,MHK,846.67999,,1.68,1.15,1.16,0,YES
MEAD JOHNSON NU,MJN,1007.70001,14.02299,0.69,0.89,2.71,0,YES
MCCORMICK & CO,MKC,658.70001,9.4006,0.55,,2.59,0,YES
MARTIN MRT-MATL,MLM,391.44,0,1.22,1.94,2.37,0.09,YES
MARSH &MCLENNAN,MMC,2498,6.2519,0.83,1.65,1.6,1.09,YES
3M CO,MMM,8078,10.38399,1.1,1.18,1.91,0,YES
MALLINCKRODT PL,MNK,-4.90001,,0.81,1.85,0.66,-1.4,YES
MONSTER BEVERAG,MNST,586.65002,,0.32,3.04,2.13,14.98,YES
ALTRIA GROUP,MO,8203,8.3605,0.52,0.67,2.66,0,YES
MONSANTO CO-NEW,MON,4766,12.895,1.37,1.19,1.61,0,YES
MOSAIC CO/THE,MOS,905.29998,61.92399,1.45,2.04,2.02,0,YES
MARATHON PETROL,MPC,4466,56.59199,2.5,0.82,0.89,0,YES
MERCK & CO INC,MRK,12533,4.0931,0.34,1.65,3.11,18.18,YES
MARATHON OIL CP,MRO,7994,-6.50951,1.53,0.6,1.87,3.14,YES
MORGAN STANLEY,MS,5993,7.7936,2.13,0.77,0.68,0,YES
MICROSOFT CORP,MSFT,33032,20.034,0.98,2.45,2.11,0,YES
MOTOROLA SOLUTN,MSI,1486,16.83399,0.91,2.02,14.48,0,YES
M&T BANK CORP,MTB,2121.67993,0,0.53,1.05,2.66,0,YES
MICRON TECH,MU,5355,,1.63,1.62,0.84,0,YES
MURPHY OIL,MUR,3173.31005,6.09409,1.6,1,0.95,34.72,YES
MEADWESTVACO CP,MWV,771,1.6179,1.27,1.52,2.68,-10,YES
MYLAN INC,MYL,1576.66003,,1.23,0.95,1.31,-0.14,YES
NAVIENT CORP,NAVI,2100,,,10.68,-2.05,0,YES
NOBLE ENERGY,NBL,3072,15.913,1.34,1.11,2.1,0,YES
NABORS IND,NBR,1457.96997,,2.23,1.94,,,YES
NASDAQ OMX GRP,NDAQ,836,,1.18,1.13,1.15,0,YES
NOBLE CORP PLC,NE,2003.72998,46.67499,1.54,1.32,0.37,0,YES
NEXTERA ENERGY,NEE,6163,9.54129,0.41,0.51,2.98,0,YES
NEWMONT MINING,NEM,-1920,-6.062,0.01,1.52,,,YES
NETFLIX INC,NFLX,2444.88989,,1.02,1.42,4.62,-10,YES
NEWFIELD EXPL,NFX,1252,,1.4,0.57,1.05,0,YES
NISOURCE INC,NI,1754.30004,2.4414,0.46,0.52,3.91,0,YES
NIKE INC-B,NKE,4176,15.34399,0.8,1.94,1.95,0,YES
NIELSEN NV,NLSN,1350,,1.01,1.39,1.25,0,YES
NORTHROP GRUMMN,NOC,3615,9.9642,1,1.51,2.26,-9.76,YES
NATL OILWELL VR,NOV,4212,46.62099,1.93,1.62,1.18,-10.51,YES
NRG ENERGY INC,NRG,1560,,0.61,1.59,-3.08,0,YES
NORFOLK SOUTHRN,NSC,4412,12.18299,1.13,1.24,1.33,32.03,YES
NETAPP INC,NTAP,1120.59997,,1.48,2.36,1.78,-10.34,YES
NORTHERN TRUST,NTRS,1557.80004,3.6451,1.06,0.76,1.95,0,YES
NORTHEAST UTIL,NU,2419,12.244,0.49,0.54,2.84,2.04,YES
NUCOR CORP,NUE,1548.20996,0.66137,1.33,1.94,2.77,0,YES
NVIDIA CORP,NVDA,764.42999,,1.7,5.54,1.88,0,YES
NEWELL RUBBERMD,NWL,761.40002,37.227,1.35,1,1.8,-0.12,YES
NEWS CORP NEW-A,NWSA,181,,1.74,2.33,2.98,0,YES
OWENS-ILLINOIS,OI,1003,,2.19,0.64,1.04,28.77,YES
ONEOK INC,OKE,1458.91003,20.31599,1,0.72,3.69,-21.74,YES
OMNICOM GRP,OMC,2142.8999,25.10099,1.44,0.84,2.44,0,YES
ORACLE CORP,ORCL,17526,22.43499,1.44,3.33,1.43,0,YES
O REILLY AUTO,ORLY,1293.23999,,0.51,0.19,1.59,0.74,YES
OCCIDENTAL PET,OXY,14747,18.611,1.5,1.2,2.33,-2.55,YES
PAYCHEX INC,PAYX,1163.40002,3.6466,0.92,1.13,2.66,0,YES
PEOPLES UTD FIN,PBCT,471.6,1.62399,0.82,1.03,,,YES
PITNEY BOWES IN,PBI,715.82,-15.40201,1.47,1.23,2.11,0,YES
PACCAR INC,PCAR,2666.8999,23.16399,1.72,2.38,1.59,0,YES
PG&E CORP,PCG,3888,0.45846,0.36,0.74,1.98,0,YES
PLUM CREEK TMBR,PCL,473,1.18219,0.98,0.98,7.26,0,YES
PRICELINE.COM,PCLN,2561.3999,,1.61,5.41,1.19,-5.07,YES
PRECISION CASTP,PCP,2382.5,0,0.93,,1.38,0,YES
PATTERSON COS,PDCO,398.6,17.611,0.78,1.8,1.93,0,YES
PUBLIC SV ENTRP,PEG,3827,2.0694,0.34,0.85,5.78,15.24,YES
PEPSICO INC,PEP,12465,6.9162,0.41,1.05,2.75,0,YES
PETSMART INC,PETM,928.72998,13.60499,0.59,0.73,1.42,10.44,YES
PFIZER INC,PFE,22126,9.96199,0.67,2.14,3.75,0,YES
PRINCIPAL FINL,PFG,1465,25.12,1.75,0.09,1.03,0,YES
PROCTER & GAMBL,PG,18735,7.94869,0.39,0.74,2.58,-0.5,YES
PROGRESSIVE COR,PGR,2138.3999,20.19,0.75,0.36,2.21,0,YES
PARKER HANNIFIN,PH,1975.97998,15.92899,1.6,1.44,1.44,0,YES
PULTE GROUP ONC,PHM,560.10998,,2.03,1.03,2.56,5.35,YES
PERKINELMER INC,PKI,352.60998,0,0.95,1.3,1.43,0,YES
PROLOGIS INC,PLD,1342.85998,2.5522,1.54,1.28,3.03,8.97,YES
PALL CORP,PLL,583.16998,16.978,1.48,1.58,1.99,0.35,YES
PHILIP MORRIS,PM,14397,12.90499,0.94,0.41,2.35,0,YES
PNC FINL SVC CP,PNC,7230,47.72,0.99,0.91,1.76,0,YES
PENTAIR PLC,PNR,1089.19995,8.80959,1.25,1.24,1.08,0,YES
PINNACLE WEST,PNW,1395.93994,1.87549,0.43,0.48,4.33,5.61,YES
PEPCO HLDGS,POM,1175,0,0.29,0.54,3.8,19,YES
PPG INDS INC,PPG,2160,4.1633,1.24,1.3,2.26,0,YES
PPL CORP,PPL,3698,1.707,0.27,0.91,-7.11,-250,YES
PERRIGO CO PLC,PRGO,735,12.526,0.29,1.79,1.57,10.51,YES
PRUDENTIAL FINL,PRU,-1273,27.77099,1.57,0.14,0.92,0,YES
PUBLIC STORAGE,PSA,1376.70996,19.231,0.76,0.44,4.11,4.1,YES
PHILLIPS 66,PSX,6772,,1.77,1.23,0.94,0,YES
PVH CORP,PVH,834.53997,0,1.65,1.11,1.13,0,YES
QUANTA SERVICES,PWR,795.58001,,0.73,2.19,1.89,0,YES
PRAXAIR INC,PX,3734,9.96199,0.81,0.9,1.74,0,YES
PIONEER NAT RES,PXD,611.96997,0,1.41,1.21,1.59,-0.58,YES
QUALCOMM INC,QCOM,9928,21.33399,1.16,3.48,1.09,0,YES
QEP RESOURCES,QEP,1476.90002,11.486,1.87,0.79,1.47,51.85,YES
RYDER SYS,R,1519.60998,7.992,1.67,0.81,1.1,0,YES
REYNOLDS AMER,RAI,3103,9.6033,0.52,0.82,2.33,2.79,YES
REGENERON PHARM,REGN,800.98999,,0.85,5.78,2.28,0.57,YES
REGIONS FINL CP,RF,2481,39.49399,1.91,0.83,2.58,0,YES
ROBT HALF INTL,RHI,446.33999,8.0648,1.41,2.19,1.54,0,YES
RED HAT INC,RHT,322.64001,,1.07,1.37,3.76,0,YES
TRANSOCEAN LTD,RIG,3348,,1.8,1.7,0.4,0,YES
RALPH LAUREN CP,RL,1374,47.32699,1.31,2.38,1.69,0,YES
ROCKWELL AUTOMT,ROK,1346,17.176,1.42,1.98,1.52,2.07,YES
ROPER INDS INC,ROP,1035.26,20.891,0.99,1.82,1.84,0,YES
ROSS STORES,ROST,1549.18005,29.718,0.67,0.44,1.79,0,YES
RANGE RESOURCES,RRC,850.13,0,0.91,0.48,,0,YES
REPUBLIC SVCS,RSG,2165.19995,8.3969,0.63,0.83,3.32,0,YES
RAYTHEON CO,RTN,3412,14.93999,0.66,1.63,1.86,-11.51,YES
STARBUCKS CORP,SBUX,3972.19995,24.27099,0.84,1.01,1.44,0,YES
SCANA CORP,SCG,1441,2.31809,0.44,0.73,3.45,0,YES
SCHWAB(CHAS),SCHW,2069,0,1.5,0.44,1.51,0.83,YES
SPECTRA ENERGY,SE,3022,7.1785,0.84,0.45,6.14,0,YES
SEALED AIR CORP,SEE,841.20001,1.23529,1.3,1.01,1.86,1.85,YES
SHERWIN WILLIAM,SHW,1336.44995,11.211,0.58,0.87,1.98,0,YES
SIGMA ALDRICH,SIAL,799,9.8231,0.89,3.19,3.92,0,YES
SMUCKER JM,SJM,1185.5,12.05399,0.57,0.68,3.17,-17.9,YES
SCHLUMBERGER LT,SLB,12748,15.09099,1.64,1.6,1.04,0,YES
SNAP-ON INC,SNA,659,9.44559,1.33,1.9,2.12,0,YES
SANDISK CORP,SNDK,1980.19995,,1.37,3.16,1.35,0,YES
SCRIPPS NETWRKS,SNI,1720.65002,26.13199,1.06,6.68,1.67,-1.66,YES
SOUTHERN CO,SO,5681,3.7957,0.18,0.6,4.69,0,YES
SIMON PROPERTY,SPG,3748.62988,19.68899,0.81,1.67,3.02,0.75,YES
STAPLES INC,SPLS,1640.32995,26.71599,1.43,0.86,12.95,-31.71,YES
STERICYCLE INC,SRCL,621.38,,0.26,1.3,2,0,YES
SEMPRA ENERGY,SRE,3102,14.312,0.46,0.85,3.24,0,YES
SUNTRUST BKS,STI,2586,99.498,1.47,0.97,0.68,0,YES
ST JUDE MEDICAL,STJ,1079,8.51669,1.33,2.32,1.86,0,YES
STATE ST CORP,STT,3679,117.063,1.49,0.42,2.19,0,YES
SEAGATE TECH,STX,2630,36.199,2.5,2,1.46,0,YES
CONSTELLATN BRD,STZ,2692.3999,,1.08,0.5,1.35,0,YES
STANLEY B&D INC,SWK,1188.30004,11.258,1.58,0.77,1.6,0,YES
SOUTHWESTRN ENE,SWN,2022.51,,1,0.88,1.01,50.45,YES
SAFEWAY INC,SWY,1552.90002,18.88299,1.08,1.09,2.66,0,YES
STRYKER CORP,SYK,1381,18.98399,0.97,2.6,2.25,2.12,YES
SYMANTEC CORP,SYMC,1738,,0.92,1.31,2.33,-1.24,YES
SYSCO CORP,SYY,2155.41992,3.7476,0.77,0.93,3.84,18.08,YES
AT&T INC,T,50112,2.33189,0.43,0.66,2.74,-0.15,YES
MOLSON COORS-B,TAP,1179.09997,7.53999,0.93,0.62,3.09,-9.64,YES
TERADATA CORP,TDC,655,,0.85,1.94,2.3,-19.57,YES
TECO ENERGY,TE,806.70001,2.17849,0.64,1.12,2.98,0,YES
INTEGRYS ENERGY,TEG,955.59997,0,0.64,1.06,4.82,0,YES
TE CONNECT-LTD,TEL,2744,14.595,1.62,1.47,1,0,YES
TARGET CORP,TGT,6452,23.82699,0.61,0.22,2.48,-5.7,YES
TENET HEALTH,THC,880,,1.95,1.18,2.3,0.33,YES
TIFFANY & CO,TIF,488.67999,15.23299,1.79,1.29,1.88,-0.09,YES
TJX COS INC NEW,TJX,3899.37988,24.72299,0.62,0.88,1.76,0,YES
TORCHMARK CORP,TMK,1246.95996,13.68599,1.11,0.05,1.55,0,YES
THERMO FISHER,TMO,2319.3999,6.4435,0.94,2.68,1.4,-0.04,YES
TRIPADVISOR INC,TRIP,335.67999,,1.73,2.6,1.74,-10.8,YES
T ROWE PRICE,TROW,1791.40002,12.29899,1.44,8.36,1.31,0,YES
TRAVELERS COS,TRV,9994,11.435,0.87,0.38,1.38,0,YES
TRACTOR SUPPLY,TSCO,614.65997,47.73899,1.13,0.43,1.71,0,YES
TYSON FOODS  A,TSN,1914,13.118,0.51,0.78,,,YES
TESORO CORP,TSO,1335,,2.02,0.81,0.74,0,YES
TOTAL SYS SVC,TSS,568.75,10.847,1.11,2.2,1.47,0,YES
TIME WARNER CAB,TWC,7872,16.64999,0.86,0.41,2.4,-18.82,YES
TIME WARNER INC,TWX,14641,10.81499,1.17,1.29,1.56,0.67,YES
TEXAS INSTRS,TXN,4146,27.103,1.27,2.29,2.17,0,YES
TEXTRON INC,TXT,1236,0,1.75,1.38,1.22,0,YES
TYCO INTL PLC,TYC,1071,-5.75931,1.04,1.19,1.45,-6.15,YES
UNDER ARMOUR-A,UA,314.45999,,0.95,1.55,3.03,0,YES
UNIVL HLTH SVCS,UHS,1352.81005,8.2439,1.39,1.26,1.92,0,YES
UNITEDHEALTH GP,UNH,10998,73.827,0.55,0.73,1.73,0.88,YES
UNUM GROUP,UNM,1439.40002,15.93299,1.41,0.18,1.05,0,YES
UNION PAC CORP,UNP,9351,31.083,0.98,0.88,1.58,0,YES
UTD PARCEL SRVC,UPS,8921,9.1477,0.91,1.88,1.98,3.7,YES
URBAN OUTFITTER,URBN,560.16998,,1.03,2.06,1.17,-1.97,YES
UTD RENTALS INC,URI,2202,,2.85,1,0.8,0,YES
US BANCORP,USB,9404,47.34799,0.83,0.83,1.89,4.17,YES
UTD TECHS CORP,UTX,11030,9.14,1.13,0.84,1.45,0,YES
VISA INC-A,V,10751,34.95399,0.82,1.59,1.44,0,YES
VARIAN MEDICAL,VAR,644.10998,,0.87,1.6,2.2,0,YES
V F CORP,VFC,1900.53002,14.887,0.95,1.58,1.87,0,YES
VIACOM INC-B,VIAB,8552,20.68499,1.08,1.12,1.17,-9.68,YES
VALERO ENERGY,VLO,6067,46.96599,1.81,1.03,0.96,-8.03,YES
VULCAN MATLS CO,VMC,505.98001,-48.93501,1.49,2.03,9.36,0,YES
VORNADO RLTY TR,VNO,1126.13,2.93149,1.03,0.22,1.52,0.76,YES
VERISIGN INC,VRSN,592.17999,,0.88,0.89,1.96,0,YES
VERTEX PHARM,VRTX,-905.02002,,0.33,3.96,,0,YES
VENTAS INC,VTR,1550.81005,8.46949,0.5,0.53,3.98,0,YES
VERIZON COMM,VZ,48550,2.6721,0.41,2.59,1.73,0,YES
WALGREEN CO,WAG,5029,22.152,1.34,0.69,1.56,0,YES
WATERS CORP,WAT,599.84002,,0.94,4.75,2.24,0.42,YES
WESTERN DIGITAL,WDC,3052,,1.36,1.95,1.31,0,YES
WISC ENERGY CP,WEC,1567.59997,19.15999,0.26,0.82,3.15,0,YES
WELLS FARGO-NEW,WFC,38874,65.161,1.09,0.92,1.33,0,YES
WHOLE FOODS MKT,WFM,1323,54.331,0.78,1.05,2.2,-3.22,YES
WHIRLPOOL CORP,WHR,1634,12.09899,1.55,0.68,0.68,0,YES
WINDSTREAM HLDG,WIN,2345.3999,0,0.78,0.77,-33.97,-200,YES
WELLPOINT INC,WLP,5351.70019,20.906,0.58,1.82,1.42,0,YES
WASTE MGMT-NEW,WM,2894,4.7656,0.71,0.77,2.5,0,YES
WILLIAMS COS,WMB,2442,40.88999,1.29,0.75,,,YES
WAL-MART STORES,WMT,35861,13.77099,0.47,0.24,2.9,-11.65,YES
WESTERN UNION,WU,1385.30004,41.11,1.3,1.3,1.38,0,YES
WEYERHAEUSER CO,WY,1277,72.54599,1.55,1.58,5.32,0,YES
WYNDHAM WORLDWD,WYN,1030,39.46799,1.51,0.89,,,YES
WYNN RESRTS LTD,WYNN,1678.04003,98.843,1.36,1.99,2.02,0,YES
CIMAREX ENERGY,XEC,1533.02001,21.62299,1.52,0.59,1.43,-5.1,YES
XCEL ENERGY INC,XEL,3062.3999,4.26649,0.31,0.72,4.12,0,YES
XL GROUP PLC,XL,1472.65002,11.40299,1.21,0.21,5.02,0,YES
XILINX INC,XLNX,830.65997,14.553,1.3,2.86,1.56,0,YES
EXXON MOBIL CRP,XOM,74902,12.17099,0.88,0.6,2.35,1.84,YES
DENTSPLY INTL,XRAY,551.83001,7.40549,1.32,0.89,1.83,0,YES
XEROX CORP,XRX,2670,10.02299,1.65,1.32,1.77,0,YES
XYLEM INC,XYL,503,37.38899,1.32,1.8,1.6,0,YES
YAHOO! INC,YHOO,692.54998,,1.13,3.75,3.83,0,YES
YUM! BRANDS INC,YUM,2519,14.704,0.79,0.62,2.17,0,YES
ZIONS BANCORP,ZION,888.34002,41.93799,1.59,1.03,1.67,0,YES
ZIMMER HOLDINGS,ZMH,1409.69995,9.991,0.91,3.03,2.09,-1.31,YES
ZOETIS INC,ZTS,1012,,0.73,1.46,2.25,-4.46,YES
